{"cameraMode":{"drawMode":0,"name":"Shaded","section":"Shading Mode"},"sceneLighting":true,"audioPlay":false,"sceneViewState":{"showFog":true,"showMaterialUpdate":true,"showSkybox":true,"showFlares":true,"showImageEffects":true,"showParticleSystems":true},"in2DMode":false,"pivot":{"x":-4.659603595733643,"y":-15.735687255859375,"z":58.24079513549805},"rotation":{"x":0.3365427255630493,"y":-0.11402289569377899,"z":0.04109255224466324,"w":0.9338361620903015},"size":51.97522735595703,"orthographic":true}