{"cameraMode":{"drawMode":0,"name":"Shaded","section":"Shading Mode"},"sceneLighting":true,"audioPlay":false,"sceneViewState":{"showFog":true,"showMaterialUpdate":true,"showSkybox":true,"showFlares":true,"showImageEffects":true,"showParticleSystems":true},"in2DMode":false,"pivot":{"x":-1.39384925365448,"y":3.812692403793335,"z":23.227684020996095},"rotation":{"x":-0.0006273860344663262,"y":0.8538302779197693,"z":-0.5205550789833069,"w":-0.0010269037447869778},"size":64.26374816894531,"orthographic":true}