{"cameraMode":{"drawMode":0,"name":"Shaded","section":"Shading Mode"},"sceneLighting":true,"audioPlay":false,"sceneViewState":{"showFog":true,"showMaterialUpdate":true,"showSkybox":true,"showFlares":true,"showImageEffects":true,"showParticleSystems":true},"in2DMode":false,"pivot":{"x":7.493901252746582,"y":5.689607620239258,"z":-3.3284075260162355},"rotation":{"x":0.37642061710357668,"y":-0.27161362767219546,"z":0.11644048988819123,"w":0.8780533075332642},"size":4.0416579246521,"orthographic":false}