{"cameraMode":{"drawMode":0,"name":"Shaded","section":"Shading Mode"},"sceneLighting":true,"audioPlay":false,"sceneViewState":{"showFog":true,"showMaterialUpdate":true,"showSkybox":true,"showFlares":true,"showImageEffects":true,"showParticleSystems":true},"in2DMode":false,"pivot":{"x":5.395259857177734,"y":-0.8089845180511475,"z":-1.0784053802490235},"rotation":{"x":0.16725613176822663,"y":0.576386570930481,"z":-0.12194880843162537,"w":0.7905291318893433},"size":14.88949966430664,"orthographic":true}