{"cameraMode":{"drawMode":0,"name":"Shaded","section":"Shading Mode"},"sceneLighting":false,"audioPlay":false,"sceneViewState":{"showFog":true,"showMaterialUpdate":true,"showSkybox":false,"showFlares":true,"showImageEffects":true,"showParticleSystems":true},"in2DMode":false,"pivot":{"x":-0.32173120975494387,"y":4.810725688934326,"z":10.609294891357422},"rotation":{"x":0.17118710279464723,"y":-0.5499909520149231,"z":0.11636608093976975,"w":0.8091173768043518},"size":7.142567157745361,"orthographic":false}