{"cameraMode":{"drawMode":0,"name":"Shaded","section":"Shading Mode"},"sceneLighting":true,"audioPlay":false,"sceneViewState":{"showFog":true,"showMaterialUpdate":true,"showSkybox":true,"showFlares":true,"showImageEffects":true,"showParticleSystems":true},"in2DMode":false,"pivot":{"x":-1.5726795196533204,"y":10.3671875,"z":18.87385368347168},"rotation":{"x":0.3579648435115814,"y":0.10194917768239975,"z":-0.03935449197888374,"w":0.9273183345794678},"size":57.103126525878909,"orthographic":true}