{"cameraMode":{"drawMode":0,"name":"Shaded","section":"Shading Mode"},"sceneLighting":false,"audioPlay":false,"sceneViewState":{"showFog":true,"showMaterialUpdate":true,"showSkybox":false,"showFlares":true,"showImageEffects":true,"showParticleSystems":true},"in2DMode":false,"pivot":{"x":0.0,"y":1.6000001430511475,"z":45.900001525878909},"rotation":{"x":0.35867929458618166,"y":-0.14201311767101289,"z":0.05531030148267746,"w":0.9209360480308533},"size":5.715777397155762,"orthographic":true}