{"cameraMode":{"drawMode":0,"name":"Shaded","section":"Shading Mode"},"sceneLighting":true,"audioPlay":false,"sceneViewState":{"showFog":true,"showMaterialUpdate":true,"showSkybox":true,"showFlares":true,"showImageEffects":true,"showParticleSystems":true},"in2DMode":false,"pivot":{"x":-6.617753982543945,"y":1.3994524478912354,"z":87.4524917602539},"rotation":{"x":0.30698564648628237,"y":0.5867034196853638,"z":-0.25569745898246767,"w":0.7043851613998413},"size":8.47739028930664,"orthographic":true}