{"cameraMode":{"drawMode":0,"name":"Shaded","section":"Shading Mode"},"sceneLighting":false,"audioPlay":false,"sceneViewState":{"showFog":true,"showMaterialUpdate":true,"showSkybox":false,"showFlares":true,"showImageEffects":true,"showParticleSystems":true},"in2DMode":false,"pivot":{"x":0.0,"y":1.5999999046325684,"z":45.900001525878909},"rotation":{"x":0.08357296884059906,"y":0.8987888693809509,"z":-0.3830760717391968,"w":0.1960814744234085},"size":7.577442169189453,"orthographic":true}