{"cameraMode":{"drawMode":0,"name":"Shaded","section":"Shading Mode"},"sceneLighting":true,"audioPlay":false,"sceneViewState":{"showFog":true,"showMaterialUpdate":true,"showSkybox":true,"showFlares":true,"showImageEffects":true,"showParticleSystems":true},"in2DMode":false,"pivot":{"x":25.51609230041504,"y":-103.75128173828125,"z":75.8110580444336},"rotation":{"x":0.4495570659637451,"y":0.12125960737466812,"z":-0.06174846738576889,"w":0.8828263282775879},"size":146.10328674316407,"orthographic":false}