{"cameraMode":{"drawMode":0,"name":"Shaded","section":"Shading Mode"},"sceneLighting":false,"audioPlay":false,"sceneViewState":{"showFog":true,"showMaterialUpdate":true,"showSkybox":false,"showFlares":true,"showImageEffects":true,"showParticleSystems":true},"in2DMode":false,"pivot":{"x":0.693359375,"y":1.682816505432129,"z":45.91392135620117},"rotation":{"x":0.04844686761498451,"y":0.7241348624229431,"z":-0.05113639310002327,"w":0.6860508918762207},"size":1.9586772918701172,"orthographic":true}