{"cameraMode":{"drawMode":0,"name":"Shaded","section":"Shading Mode"},"sceneLighting":false,"audioPlay":false,"sceneViewState":{"showFog":true,"showMaterialUpdate":true,"showSkybox":false,"showFlares":true,"showImageEffects":true,"showParticleSystems":true},"in2DMode":false,"pivot":{"x":-2.602782726287842,"y":2.890000581741333,"z":12.848230361938477},"rotation":{"x":0.1671990007162094,"y":-0.011831027455627919,"z":0.002009183866903186,"w":0.9858536720275879},"size":13.211957931518555,"orthographic":false}