{"cameraMode":{"drawMode":0,"name":"Shaded","section":"Shading Mode"},"sceneLighting":false,"audioPlay":false,"sceneViewState":{"showFog":true,"showMaterialUpdate":true,"showSkybox":false,"showFlares":true,"showImageEffects":true,"showParticleSystems":true},"in2DMode":false,"pivot":{"x":0.036595795303583148,"y":1.866432785987854,"z":45.9140625},"rotation":{"x":0.05469817295670509,"y":0.9437622427940369,"z":-0.2566273510456085,"w":0.20115578174591065},"size":4.257571697235107,"orthographic":true}