{"cameraMode":{"drawMode":0,"name":"Shaded","section":"Shading Mode"},"sceneLighting":true,"audioPlay":false,"sceneViewState":{"showFog":true,"showMaterialUpdate":true,"showSkybox":true,"showFlares":true,"showImageEffects":true,"showParticleSystems":true},"in2DMode":false,"pivot":{"x":-11.134716987609864,"y":2.9152987003326418,"z":3.1467299461364748},"rotation":{"x":0.3762652575969696,"y":0.20314255356788636,"z":-0.08493061363697052,"w":0.8999722599983215},"size":22.0,"orthographic":false}