{"cameraMode":{"drawMode":0,"name":"Shaded","section":"Shading Mode"},"sceneLighting":false,"audioPlay":false,"sceneViewState":{"showFog":true,"showMaterialUpdate":true,"showSkybox":false,"showFlares":true,"showImageEffects":true,"showParticleSystems":true},"in2DMode":false,"pivot":{"x":-0.3701089322566986,"y":3.38649845123291,"z":46.2158203125},"rotation":{"x":-0.16268222033977509,"y":0.8211614489555359,"z":-0.28678464889526369,"w":-0.4658140540122986},"size":9.013171195983887,"orthographic":true}