{"cameraMode":{"drawMode":0,"name":"Shaded","section":"Shading Mode"},"sceneLighting":false,"audioPlay":false,"sceneViewState":{"showFog":true,"showMaterialUpdate":true,"showSkybox":false,"showFlares":true,"showImageEffects":true,"showParticleSystems":true},"in2DMode":false,"pivot":{"x":-0.15605352818965913,"y":1.361718773841858,"z":45.016258239746097},"rotation":{"x":0.06787979602813721,"y":0.9294201731681824,"z":-0.21712739765644074,"w":0.29056134819984438},"size":2.6382009983062746,"orthographic":true}