{"cameraMode":{"drawMode":0,"name":"Shaded","section":"Shading Mode"},"sceneLighting":true,"audioPlay":false,"sceneViewState":{"showFog":true,"showMaterialUpdate":true,"showSkybox":true,"showFlares":true,"showImageEffects":true,"showParticleSystems":true},"in2DMode":false,"pivot":{"x":-30.057615280151368,"y":-36.327720642089847,"z":32.799400329589847},"rotation":{"x":0.29970356822013857,"y":-0.40570613741874697,"z":0.14278288185596467,"w":0.851586103439331},"size":65.82218933105469,"orthographic":false}