{"cameraMode":{"drawMode":0,"name":"Shaded","section":"Shading Mode"},"sceneLighting":true,"audioPlay":false,"sceneViewState":{"showFog":true,"showMaterialUpdate":true,"showSkybox":true,"showFlares":true,"showImageEffects":true,"showParticleSystems":true},"in2DMode":false,"pivot":{"x":8.679481506347657,"y":1.8552812337875367,"z":5.565855979919434},"rotation":{"x":-0.022253887727856637,"y":0.9631905555725098,"z":-0.25446945428848269,"w":-0.08399827778339386},"size":3.558068037033081,"orthographic":false}