{"cameraMode":{"drawMode":0,"name":"Shaded","section":"Shading Mode"},"sceneLighting":true,"audioPlay":false,"sceneViewState":{"showFog":true,"showMaterialUpdate":true,"showSkybox":true,"showFlares":true,"showImageEffects":true,"showParticleSystems":true},"in2DMode":false,"pivot":{"x":2.5205698013305666,"y":3.8250937461853029,"z":-3.959691286087036},"rotation":{"x":0.3760075569152832,"y":-0.008339322172105313,"z":0.0033841331023722889,"w":0.9265733957290649},"size":10.40611743927002,"orthographic":false}