{"cameraMode":{"drawMode":0,"name":"Shaded","section":"Shading Mode"},"sceneLighting":false,"audioPlay":false,"sceneViewState":{"showFog":true,"showMaterialUpdate":true,"showSkybox":false,"showFlares":true,"showImageEffects":true,"showParticleSystems":true},"in2DMode":false,"pivot":{"x":-0.016371309757232667,"y":1.4280575513839722,"z":-0.007434248924255371},"rotation":{"x":0.19969166815280915,"y":-0.7228078246116638,"z":0.2331305295228958,"w":0.6191357374191284},"size":6.566225528717041,"orthographic":false}