{"cameraMode":{"drawMode":0,"name":"Shaded","section":"Shading Mode"},"sceneLighting":false,"audioPlay":false,"sceneViewState":{"showFog":true,"showMaterialUpdate":true,"showSkybox":false,"showFlares":true,"showImageEffects":true,"showParticleSystems":true},"in2DMode":false,"pivot":{"x":0.08457031100988388,"y":1.9935322999954224,"z":-0.29164955019950869},"rotation":{"x":0.11975667625665665,"y":0.8699795007705689,"z":-0.2591395676136017,"w":0.4020463228225708},"size":7.379779815673828,"orthographic":true}