{"cameraMode":{"drawMode":0,"name":"Shaded","section":"Shading Mode"},"sceneLighting":true,"audioPlay":false,"sceneViewState":{"showFog":true,"showMaterialUpdate":true,"showSkybox":true,"showFlares":true,"showImageEffects":true,"showParticleSystems":true},"in2DMode":false,"pivot":{"x":-2.8149075508117677,"y":29.080480575561525,"z":-49.798065185546878},"rotation":{"x":0.27352628111839297,"y":0.030581247061491014,"z":-0.008700275793671608,"w":0.9613417387008667},"size":31.278038024902345,"orthographic":true}