{"cameraMode":{"drawMode":0,"name":"Shaded","section":"Shading Mode"},"sceneLighting":false,"audioPlay":false,"sceneViewState":{"showFog":true,"showMaterialUpdate":true,"showSkybox":false,"showFlares":true,"showImageEffects":true,"showParticleSystems":true},"in2DMode":false,"pivot":{"x":-0.009253501892089844,"y":1.5494186878204346,"z":45.937530517578128},"rotation":{"x":0.07770001143217087,"y":0.9204093813896179,"z":-0.2384537160396576,"w":0.2999148964881897},"size":4.50591516494751,"orthographic":true}