{"cameraMode":{"drawMode":0,"name":"Shaded","section":"Shading Mode"},"sceneLighting":true,"audioPlay":false,"sceneViewState":{"showFog":true,"showMaterialUpdate":true,"showSkybox":true,"showFlares":true,"showImageEffects":true,"showParticleSystems":true},"in2DMode":false,"pivot":{"x":5.410811424255371,"y":5.690433502197266,"z":49.48772048950195},"rotation":{"x":0.30698564648628237,"y":0.5867034196853638,"z":-0.25569745898246767,"w":0.7043851613998413},"size":37.792877197265628,"orthographic":true}