{"cameraMode":{"drawMode":0,"name":"Shaded","section":"Shading Mode"},"sceneLighting":false,"audioPlay":false,"sceneViewState":{"showFog":true,"showMaterialUpdate":true,"showSkybox":false,"showFlares":true,"showImageEffects":true,"showParticleSystems":true},"in2DMode":false,"pivot":{"x":4.864891052246094,"y":-0.4870091676712036,"z":-0.05085611343383789},"rotation":{"x":0.3137187361717224,"y":-0.36020272970199587,"z":0.13005861639976502,"w":0.8688672780990601},"size":14.51097297668457,"orthographic":false}