{"cameraMode":{"drawMode":0,"name":"Shaded","section":"Shading Mode"},"sceneLighting":true,"audioPlay":false,"sceneViewState":{"showFog":true,"showMaterialUpdate":true,"showSkybox":true,"showFlares":true,"showImageEffects":true,"showParticleSystems":true},"in2DMode":false,"pivot":{"x":367.851806640625,"y":1576.966064453125,"z":2.93814754486084},"rotation":{"x":0.0029999923426657917,"y":0.0014999927952885628,"z":-0.000004499992428463884,"w":0.9999943971633911},"size":2595.584228515625,"orthographic":true}