{"cameraMode":{"drawMode":0,"name":"Shaded","section":"Shading Mode"},"sceneLighting":false,"audioPlay":false,"sceneViewState":{"showFog":true,"showMaterialUpdate":true,"showSkybox":false,"showFlares":true,"showImageEffects":true,"showParticleSystems":true},"in2DMode":false,"pivot":{"x":-3.043936014175415,"y":0.0,"z":3.9189364910125734},"rotation":{"x":0.4359089434146881,"y":-0.31173062324523928,"z":0.16408021748065949,"w":0.8281852006912231},"size":13.463067054748536,"orthographic":false}