{"cameraMode":{"drawMode":0,"name":"Shaded","section":"Shading Mode"},"sceneLighting":false,"audioPlay":false,"sceneViewState":{"showFog":true,"showMaterialUpdate":true,"showSkybox":false,"showFlares":true,"showImageEffects":true,"showParticleSystems":true},"in2DMode":false,"pivot":{"x":3.6999998092651369,"y":1.6000001430511475,"z":45.900001525878909},"rotation":{"x":0.21110662817955018,"y":0.42543092370033266,"z":-0.10275818407535553,"w":0.8740046620368958},"size":4.215775966644287,"orthographic":false}