{"cameraMode":{"drawMode":0,"name":"Shaded","section":"Shading Mode"},"sceneLighting":true,"audioPlay":false,"sceneViewState":{"showFog":true,"showMaterialUpdate":true,"showSkybox":true,"showFlares":true,"showImageEffects":true,"showParticleSystems":true},"in2DMode":false,"pivot":{"x":9.877875328063965,"y":10.516195297241211,"z":2.2830913066864015},"rotation":{"x":-0.3815996050834656,"y":0.242836132645607,"z":-0.10462450236082077,"w":-0.8857033252716065},"size":8.573651313781739,"orthographic":false}