{"cameraMode":{"drawMode":0,"name":"Shaded","section":"Shading Mode"},"sceneLighting":true,"audioPlay":false,"sceneViewState":{"showFog":true,"showMaterialUpdate":true,"showSkybox":true,"showFlares":true,"showImageEffects":true,"showParticleSystems":true},"in2DMode":false,"pivot":{"x":3.7135138511657717,"y":20.144121170043947,"z":-20.16358184814453},"rotation":{"x":0.1863781362771988,"y":-0.016210129484534265,"z":0.0030755321495234968,"w":0.9823406934738159},"size":22.0,"orthographic":false}