{"cameraMode":{"drawMode":0,"name":"Shaded","section":"Shading Mode"},"sceneLighting":true,"audioPlay":false,"sceneViewState":{"showFog":true,"showMaterialUpdate":true,"showSkybox":true,"showFlares":true,"showImageEffects":true,"showParticleSystems":true},"in2DMode":false,"pivot":{"x":9.354736328125,"y":0.5620741844177246,"z":-7.594688415527344},"rotation":{"x":0.2647499144077301,"y":-0.25785189867019656,"z":0.0736992359161377,"w":0.9262800812721252},"size":12.462030410766602,"orthographic":false}