{"cameraMode":{"drawMode":0,"name":"Shaded","section":"Shading Mode"},"sceneLighting":true,"audioPlay":false,"sceneViewState":{"showFog":true,"showMaterialUpdate":true,"showSkybox":true,"showFlares":true,"showImageEffects":true,"showParticleSystems":true},"in2DMode":false,"pivot":{"x":2.862224817276001,"y":3.297163724899292,"z":1.616615891456604},"rotation":{"x":0.052517008036375049,"y":0.8659954071044922,"z":-0.4885016083717346,"w":0.09310139715671539},"size":34.676361083984378,"orthographic":true}